{"cameraMode":{"drawMode":0,"name":"Shaded","section":"Shading Mode"},"sceneLighting":true,"audioPlay":false,"sceneViewState":{"m_AlwaysRefresh":false,"showFog":true,"showSkybox":true,"showFlares":true,"showImageEffects":true,"showParticleSystems":true,"showVisualEffectGraphs":true,"m_FxEnabled":true},"in2DMode":false,"pivot":{"x":0.6685391664505005,"y":-3.590423107147217,"z":-0.5080757141113281},"rotation":{"x":0.002037518657743931,"y":0.9054595232009888,"z":-0.42440441250801089,"w":0.0043472787365317348},"size":7.529256820678711,"orthographic":false}